,,,,,,,,,,,Boaz's Point Lat,,Boaz's Point Lon,,Boaz's Point Alt,
0,1c:b9:c4:15:42:68,Ariel_University,11,-85,32.10199722,35.20871899,684.4882369,03/12/2017 08:53,Approx. w-center algo1,,32.10199722,MATCH,35.20871899,MATCH,684.4882369,MATCH
1,1c:b9:c4:15:44:58,Ariel_University,11,-77,32.1020322,35.20871899,684.6488641,03/12/2017 08:53,Approx. w-center algo1,,32.1020322,MATCH,35.20871899,MATCH,684.6488641,MATCH
2,1c:b9:c4:16:2d:e8,Ariel_University,11,-83,32.10219234,35.20871899,685,03/12/2017 08:53,Approx. w-center algo1,,32.10219234,MATCH,35.20871899,MATCH,685,MATCH
3,1c:b9:c4:15:25:48,Ariel_University,1,-80,32.10220501,35.20871899,685,03/12/2017 08:53,Approx. w-center algo1,,32.10220501,MATCH,35.20871899,MATCH,685,MATCH
4,1c:b9:c4:16:05:38,Ariel_University,11,-75,32.10231423,35.20872474,685,03/12/2017 08:53,Approx. w-center algo1,,32.10231423,MATCH,35.20872474,MATCH,685,MATCH
5,00:11:6b:11:7e:0c,yosh,1,-84,32.10233468,35.2088043,685,03/12/2017 08:53,Approx. w-center algo1,,32.10233468,MATCH,35.2088043,MATCH,685,MATCH
6,1c:b9:c4:15:44:88,Ariel_University,6,-77,32.1023794,35.208807,685.5370355,03/12/2017 08:55,Approx. w-center algo1,,32.1023794,MATCH,35.208807,MATCH,685.5370355,MATCH
7,1c:b9:c4:15:ed:48,Ariel_University,1,-80,32.10238085,35.20881018,685.7007149,03/12/2017 08:55,Approx. w-center algo1,,32.10238085,MATCH,35.20881018,MATCH,685.7007149,MATCH
8,c2:6c:ac:a0:7b:4d,outsense,11,-67,32.10238085,35.2088191,686,03/12/2017 08:53,Approx. w-center algo1,,32.10238085,MATCH,35.2088191,MATCH,686,MATCH
9,a2:6c:ac:a0:7b:4d,Guest,11,-71,32.10238085,35.20883622,686,03/12/2017 08:53,Approx. w-center algo1,,32.10238085,MATCH,35.20883622,MATCH,686,MATCH
10,c2:6c:ac:9f:fb:1f,shapedo,1,-82,32.1024236,35.20884709,686,03/12/2017 08:53,Approx. w-center algo1,,32.1024236,MATCH,35.20884709,MATCH,686,MATCH
11,1c:b9:c4:16:2b:e8,Ariel_University,6,-83,32.10244119,35.20884914,686,03/12/2017 08:53,Approx. w-center algo1,,32.10244119,MATCH,35.20884914,MATCH,686,MATCH
12,90:6c:ac:a0:7b:4d,EVE,11,-69,32.1024612,35.2088745,686,03/12/2017 08:53,Approx. w-center algo1,,32.1024612,MATCH,35.2088745,MATCH,686,MATCH
13,1c:b9:c4:15:41:78,Ariel_University,1,-71,32.10247524,35.20887728,686.1497894,03/12/2017 08:55,Approx. w-center algo1,,32.10247524,MATCH,35.20887728,MATCH,686.1497894,MATCH
14,1c:b9:c4:14:2b:c8,Ariel_University,6,-81,32.10250336,35.20892269,686.3118177,03/12/2017 08:56,Approx. w-center algo1,,32.10250336,MATCH,35.20892269,MATCH,686.3118177,MATCH
15,1c:b9:c4:16:05:78,Ariel_University,6,-80,32.10250578,35.20894816,686.3675019,03/12/2017 08:53,Approx. w-center algo1,,32.10250578,MATCH,35.20894816,MATCH,686.3675019,MATCH
16,00:1a:dd:f5:df:c5,Afikim_Wifi,6,-87,32.10253876,35.20901946,686.4634635,03/12/2017 08:53,Approx. w-center algo1,,32.10253876,MATCH,35.20901946,MATCH,686.4634635,MATCH
17,74:ea:3a:ad:d1:50,TP-LINK_ADD150,4,-69,32.10254585,35.20902709,686.5066387,03/12/2017 08:53,Approx. w-center algo1,,32.10254585,MATCH,35.20902709,MATCH,686.5066387,MATCH
18,90:6c:ac:a0:60:4d,Guest,1,-69,32.10258765,35.20902709,686.5181812,03/12/2017 08:53,Approx. w-center algo1,,32.10258765,MATCH,35.20902709,MATCH,686.5181812,MATCH
19,a2:6c:ac:a0:60:4d,incentive2,1,-70,32.10259991,35.20903518,686.5295599,03/12/2017 08:53,Approx. w-center algo1,,32.10259991,MATCH,35.20903518,MATCH,686.5295599,MATCH
20,70:5a:0f:57:04:17,DIRECT-B1-HP DeskJet 3830 series,11,-74,32.10260082,35.20909272,686.9664073,03/12/2017 08:53,Approx. w-center algo1,,32.10260082,MATCH,35.20909272,MATCH,686.9664073,MATCH
21,1c:b9:c4:96:05:37, ,36,-83,32.10262261,35.2090937,687,03/12/2017 08:53,Approx. w-center algo1,,32.10262261,MATCH,35.2090937,MATCH,687,MATCH
22,1c:b9:c4:15:23:58,Ariel_University,6,-79,32.1026245,35.2090994,687,03/12/2017 08:54,Approx. w-center algo1,,32.1026245,MATCH,35.2090994,MATCH,687,MATCH
23,24:79:2a:2c:5b:d8,Ariel_University,1,-78,32.1026849,35.20911465,687,03/12/2017 08:53,Approx. w-center algo1,,32.1026849,MATCH,35.20911465,MATCH,687,MATCH
24,90:6c:ac:9f:f1:c5,CliClap,2,-82,32.10268971,35.20915268,687,03/12/2017 08:53,Approx. w-center algo1,,32.10268971,MATCH,35.20915268,MATCH,687,MATCH
25,a2:6c:ac:a0:18:29,artsim,6,-80,32.10270219,35.20917533,687,03/12/2017 08:53,Approx. w-center algo1,,32.10270219,MATCH,35.20917533,MATCH,687,MATCH
26,1c:b9:c4:16:1d:78,Ariel_University,1,-81,32.10273836,35.20918233,687,03/12/2017 08:54,Approx. w-center algo1,,32.10273836,MATCH,35.20918233,MATCH,687,MATCH
27,1c:b9:c4:16:cc:d8,Ariel_University,1,-76,32.10274869,35.20919203,687,03/12/2017 08:54,Approx. w-center algo1,,32.10274869,MATCH,35.20919203,MATCH,687,MATCH
28,ec:8c:a2:26:d3:68,Ariel_University,11,-64,32.10275085,35.2091935,687.2863072,03/12/2017 08:54,Approx. w-center algo1,,32.10275085,MATCH,35.2091935,MATCH,687.2863072,MATCH
29,1c:b9:c4:15:1c:b8,Ariel_University,1,-75,32.10275183,35.20920836,687.4086695,03/12/2017 09:03,Approx. w-center algo1,,32.10275183,MATCH,35.20920836,MATCH,687.4086695,MATCH
30,ec:8c:a2:26:b0:e8,Ariel_University,6,-84,32.10279663,35.20920844,687.5,03/12/2017 08:54,Approx. w-center algo1,,32.10279663,MATCH,35.20920844,MATCH,687.5,MATCH
31,00:02:6f:8e:64:67, ,1,-91,32.10282339,35.20922592,687.7614554,03/12/2017 08:54,Approx. w-center algo1,,32.10282339,MATCH,35.20922592,MATCH,687.7614554,MATCH
32,b2:6c:ac:9f:f1:c5,paysday,2,-82,32.10282362,35.2093022,687.9477801,03/12/2017 08:54,Approx. w-center algo1,,32.10282362,MATCH,35.2093022,MATCH,687.9477801,MATCH
33,b2:6c:ac:a0:3d:eb,sinusafe,3,-75,32.10282362,35.2093103,688,03/12/2017 08:54,Approx. w-center algo1,,32.10282362,MATCH,35.2093103,MATCH,688,MATCH
34,1c:b9:c4:16:28:e8,Ariel_University,1,-65,32.10282362,35.20935702,688,03/12/2017 08:54,Approx. w-center algo1,,32.10282362,MATCH,35.20935702,MATCH,688,MATCH
35,b2:6c:ac:a0:7b:4d,magneto,11,-78,32.10282362,35.20936592,688,03/12/2017 08:54,Approx. w-center algo1,,32.10282362,MATCH,35.20936592,MATCH,688,MATCH
36,1c:b9:c4:15:fd:48,Ariel_University,1,-71,32.10283875,35.20941178,688,03/12/2017 09:06,Approx. w-center algo1,,32.10283875,MATCH,35.20941178,MATCH,688,MATCH
37,8c:0c:90:2e:16:88,Ariel_University,11,-80,32.1028505,35.2094311,688.1025051,03/12/2017 09:07,Approx. w-center algo1,,32.1028505,MATCH,35.2094311,MATCH,688.1025051,MATCH
38,ec:8c:a2:08:78:c8,Ariel_University,6,-77,32.10291688,35.20946023,688.1457312,03/12/2017 08:54,Approx. w-center algo1,,32.10291688,MATCH,35.20946023,MATCH,688.1457312,MATCH
39,e0:10:7f:1a:bd:98,Ariel_University,6,-88,32.10293021,35.20946174,688.5715257,03/12/2017 08:54,Approx. w-center algo1,,32.10293021,MATCH,35.20946174,MATCH,688.5715257,MATCH
40,1c:b9:c4:16:1d:7c,Ariel_University,44,-89,32.10295457,35.20946628,688.8197665,03/12/2017 08:54,Approx. w-center algo1,,32.10295457,MATCH,35.20946628,MATCH,688.8197665,MATCH
41,1c:b9:c4:16:d2:88,Ariel_University,11,-77,32.10295801,35.20948898,688.9109817,03/12/2017 08:54,Approx. w-center algo1,,32.10295801,MATCH,35.20948898,MATCH,688.9109817,MATCH
42,ec:8c:a2:08:94:18,Ariel_University,1,-61,32.10296049,35.20952905,689,03/12/2017 08:54,Approx. w-center algo1,,32.10296049,MATCH,35.20952905,MATCH,689,NOT
43,1c:b9:c4:12:7c:c8,Ariel_University,11,-73,32.10296049,35.20955531,689,03/12/2017 08:54,Approx. w-center algo1,,32.10296049,MATCH,35.20955531,MATCH,689,MATCH
44,1c:b9:c4:16:f4:78,Ariel_University,1,-77,32.10296049,35.20959489,689.3832805,03/12/2017 08:54,Approx. w-center algo1,,32.10296049,MATCH,35.20959489,MATCH,689.3832805,MATCH
45,34:8f:27:20:8c:18,Ariel_University,6,-86,32.10296378,35.20965551,689.6115765,03/12/2017 08:54,Approx. w-center algo1,,32.10296378,MATCH,35.20965551,MATCH,689.6115765,MATCH
46,1c:b9:c4:12:90:b8,Ariel_University,11,-71,32.10298497,35.20966437,689.937678,03/12/2017 08:54,Approx. w-center algo1,,32.10298497,MATCH,35.20966437,MATCH,689.937678,MATCH
47,1c:b9:c4:16:28:f8,Ariel_University,6,-73,32.10298812,35.20966477,690,03/12/2017 08:54,Approx. w-center algo1,,32.10298812,MATCH,35.20966477,MATCH,690,MATCH
48,1c:b9:c4:96:d2:87, ,44,-83,32.10299184,35.20966518,690,03/12/2017 08:54,Approx. w-center algo1,,32.10299184,MATCH,35.20966518,MATCH,690,MATCH
49,8c:0c:90:2d:75:e8,Ariel_University,1,-77,32.10299287,35.2096724,690.023391,03/12/2017 08:54,Approx. w-center algo1,,32.10299287,MATCH,35.2096724,MATCH,690.023391,MATCH
50,1c:b9:c4:14:2f:68,Ariel_University,6,-63,32.10302085,35.20967774,690.3486239,03/12/2017 08:54,Approx. w-center algo1,,32.10302085,MATCH,35.20967774,MATCH,690.3486239,MATCH
51,1c:b9:c4:14:33:c8,Ariel_University,11,-75,32.10303985,35.20967867,690.7003682,03/12/2017 08:54,Approx. w-center algo1,,32.10303985,MATCH,35.20967867,MATCH,690.7003682,MATCH
52,1c:b9:c4:16:f1:98,Ariel_University,11,-73,32.10305306,35.20968827,690.8082143,03/12/2017 08:54,Approx. w-center algo1,,32.10305306,MATCH,35.20968827,MATCH,690.8082143,MATCH
53,f8:d1:11:77:77:c6,HelpDesk,4,-70,32.10307379,35.20968968,690.8556103,03/12/2017 08:54,Approx. w-center algo1,,32.10307379,MATCH,35.20968968,MATCH,690.8556103,MATCH
54,8c:0c:90:ad:75:e3, ,1,-76,32.10310981,35.20969477,690.8784428,03/12/2017 08:54,Approx. w-center algo1,,32.10310981,MATCH,35.20969477,MATCH,690.8784428,MATCH
55,1c:b9:c4:16:f4:7c,Ariel_University,36,-84,32.1031268,35.20969477,691.2650945,03/12/2017 08:54,Approx. w-center algo1,,32.1031268,MATCH,35.20969477,MATCH,691.2650945,MATCH
56,ec:8c:a2:08:78:cc,Ariel_University,48,-85,32.10315652,35.20969478,691.391404,03/12/2017 08:54,Approx. w-center algo1,,32.10315652,MATCH,35.20969478,MATCH,691.391404,MATCH
57,1c:b9:c4:16:11:ac,Ariel_University,44,-90,32.10319577,35.20969913,691.4192045,03/12/2017 08:54,Approx. w-center algo1,,32.10319577,MATCH,35.20969913,MATCH,691.4192045,MATCH
58,ec:8c:a2:26:b1:78,Ariel_University,1,-69,32.10323198,35.20969913,692.7648361,03/12/2017 08:54,Approx. w-center algo1,,32.10323198,MATCH,35.20969913,MATCH,692.7648361,MATCH
59,1c:b9:c4:16:11:a8,Ariel_University,1,-73,32.1032452,35.20969913,692.7964602,03/12/2017 08:54,Approx. w-center algo1,,32.1032452,MATCH,35.20969913,MATCH,692.7964602,MATCH
60,1c:b9:c4:16:ee:98,Ariel_University,6,-78,32.10326981,35.20971025,693,03/12/2017 09:04,Approx. w-center algo1,,32.10326981,MATCH,35.20971025,MATCH,693,MATCH
61,62:ab:1b:60:b4:cb,Bezeq Free,8,-78,32.10329589,35.2097119,693,03/12/2017 08:54,Approx. w-center algo1,,32.10329589,MATCH,35.2097119,MATCH,693,MATCH
62,a0:ab:1b:60:b4:ca,36518749,8,-87,32.10332787,35.2097119,693.9879864,03/12/2017 08:54,Approx. w-center algo1,,32.10332787,MATCH,35.2097119,MATCH,693.9879864,MATCH
63,1c:b9:c4:14:33:cc,Ariel_University,48,-86,32.10337114,35.20972421,694.3731328,03/12/2017 08:54,Approx. w-center algo1,,32.10337114,MATCH,35.20972421,MATCH,694.3731328,MATCH
64,1c:b9:c4:14:2b:d8,Ariel_University,1,-69,32.10337662,35.20975956,694.6152531,03/12/2017 08:54,Approx. w-center algo1,,32.10337662,MATCH,35.20975956,MATCH,694.6152531,MATCH
65,1c:b9:c4:14:2b:dc,Ariel_University,36,-74,32.10339963,35.20977924,694.7803059,03/12/2017 08:54,Approx. w-center algo1,,32.10339963,MATCH,35.20977924,MATCH,694.7803059,MATCH
66,c4:12:f5:f6:a0:18,lab_6.1.3,3,-80,32.10340144,35.20978049,695,03/12/2017 08:54,Approx. w-center algo1,,32.10340144,MATCH,35.20978049,MATCH,695,MATCH
67,ec:8c:a2:08:94:1c,Ariel_University,44,-70,32.10340998,35.20978221,695.5706069,03/12/2017 08:54,Approx. w-center algo1,,32.10340998,MATCH,35.20978221,MATCH,695.5706069,MATCH
68,1c:b9:c4:15:1e:68,Ariel_University,1,-80,32.10340998,35.20978446,696,03/12/2017 08:54,Approx. w-center algo1,,32.10340998,MATCH,35.20978446,MATCH,696,MATCH
69,1c:b9:c4:15:3a:38,Ariel_University,11,-76,32.10342274,35.20979542,696,03/12/2017 08:54,Approx. w-center algo1,,32.10342274,MATCH,35.20979542,MATCH,696,MATCH
70,00:11:6b:11:02:b7,yosh,1,-81,32.10342274,35.20982755,696.2530309,03/12/2017 08:54,Approx. w-center algo1,,32.10342274,MATCH,35.20982755,MATCH,696.2530309,MATCH
71,00:1d:aa:81:d8:3c,KCG-ADSL,3,-62,32.10351072,35.20982946,696.4616326,03/12/2017 09:04,Approx. w-center algo1,,32.10351072,MATCH,35.20982946,MATCH,696.4616326,MATCH
72,1c:b9:c4:12:af:78,Ariel_University,11,-68,32.10351072,35.2098381,697,03/12/2017 09:10,Approx. w-center algo1,,32.10351072,MATCH,35.2098381,MATCH,697,MATCH
73,1c:b9:c4:14:2b:88,Ariel_University,11,-80,32.10351563,35.20985669,697.529939,03/12/2017 09:03,Approx. w-center algo1,,32.10351563,MATCH,35.20985669,MATCH,697.529939,MATCH
74,1c:b9:c4:14:30:38,Ariel_University,1,-72,32.10353368,35.2098678,698.1977168,03/12/2017 09:04,Approx. w-center algo1,,32.10353368,MATCH,35.2098678,MATCH,698.1977168,MATCH
75,40:a5:ef:7a:17:f2,2.4V1,1,-76,32.10353904,35.20987441,698.2061989,03/12/2017 08:55,Approx. w-center algo1,,32.10353904,MATCH,35.20987441,MATCH,698.2061989,MATCH
76,1c:b9:c4:15:ec:38,Ariel_University,6,-78,32.10358508,35.20987862,698.3196085,03/12/2017 08:55,Approx. w-center algo1,,32.10358508,MATCH,35.20987862,MATCH,698.3196085,MATCH
77,1c:b9:c4:16:06:bc,Ariel_University,48,-72,32.10360316,35.20987956,698.6908558,03/12/2017 08:55,Approx. w-center algo1,,32.10360316,MATCH,35.20987956,MATCH,698.6908558,MATCH
78,1c:b9:c4:16:ed:38,Ariel_University,6,-71,32.10363048,35.20988177,698.9250664,03/12/2017 09:04,Approx. w-center algo1,,32.10363048,MATCH,35.20988177,MATCH,698.9250664,MATCH
79,1c:b9:c4:16:06:b8,Ariel_University,11,-67,32.10365359,35.20989285,699.1933278,03/12/2017 09:06,Approx. w-center algo1,,32.10365359,MATCH,35.20989285,MATCH,699.1933278,MATCH
80,1c:b9:c4:16:ed:48,Ariel_University,6,-83,32.10366281,35.20990554,699.8775257,03/12/2017 08:55,Approx. w-center algo1,,32.10366281,MATCH,35.20990554,MATCH,699.8775257,MATCH
81,d8:5d:4c:9e:69:22,AUC_4_2_24,1,-78,32.103668,35.20990554,700,03/12/2017 09:03,Approx. w-center algo1,,32.103668,MATCH,35.20990554,MATCH,700,MATCH
82,24:79:2a:2c:5c:18,Ariel_University,11,-81,32.10367975,35.20990936,700,03/12/2017 08:55,Approx. w-center algo1,,32.10367975,MATCH,35.20990936,MATCH,700,MATCH
83,24:79:2a:2b:bd:88,Ariel_University,11,-72,32.10369861,35.20990936,700.944536,03/12/2017 09:06,Approx. w-center algo1,,32.10369861,MATCH,35.20990936,MATCH,700.944536,MATCH
84,24:79:2a:2b:07:b8,Ariel_University,11,-77,32.10370923,35.20990936,701.710776,03/12/2017 09:06,Approx. w-center algo1,,32.10370923,MATCH,35.20990936,MATCH,701.710776,MATCH
85,8c:0c:90:2f:d3:d8,Ariel_University,11,-78,32.10371198,35.20990936,701.8179815,03/12/2017 08:55,Approx. w-center algo1,,32.10371198,MATCH,35.20990936,MATCH,701.8179815,MATCH
86,1c:b9:c4:95:41:77, ,44,-82,32.10371892,35.20991045,702.040903,03/12/2017 08:55,Approx. w-center algo1,,32.10371892,MATCH,35.20991045,MATCH,702.040903,MATCH
87,1c:b9:c4:56:cd:18,Ariel_University,1,-92,32.1037249,35.20993975,702.14288,03/12/2017 08:56,Approx. w-center algo1,,32.1037249,MATCH,35.20993975,MATCH,702.14288,MATCH
88,1c:b9:c4:16:cd:18,IT-MNG,1,-93,32.1037249,35.20994639,702.14288,03/12/2017 08:56,Approx. w-center algo1,,32.1037249,MATCH,35.20994639,MATCH,702.14288,MATCH
89,1c:b9:c4:15:fd:e8,IT-MNG,11,-84,32.1037249,35.20995845,702.14288,03/12/2017 08:56,Approx. w-center algo1,,32.1037249,MATCH,35.20995845,MATCH,702.14288,MATCH
90,3c:52:82:ef:c4:3c,DIRECT-3B-HP DeskJet 3630 series,6,-67,32.1037249,35.20995868,702.2758435,03/12/2017 09:08,Approx. w-center algo1,,32.1037249,MATCH,35.20995868,MATCH,702.2758435,MATCH
91,1c:b9:c4:16:ed:3c,Ariel_University,44,-74,32.10374932,35.20997695,702.5738639,03/12/2017 09:00,Approx. w-center algo1,,32.10374932,MATCH,35.20997695,MATCH,702.5738639,MATCH
92,1c:b9:c4:14:30:3c,Ariel_University,44,-76,32.10374932,35.20997699,702.6309579,03/12/2017 09:00,Approx. w-center algo1,,32.10374932,MATCH,35.20997699,MATCH,702.6309579,MATCH
93,1c:b9:c4:92:af:77, ,40,-72,32.10375433,35.21000471,702.8302349,03/12/2017 09:03,Approx. w-center algo1,,32.10375433,MATCH,35.21000471,MATCH,702.8302349,MATCH
94,1c:b9:c4:94:30:37, ,44,-79,32.10376365,35.21000505,703.1159416,03/12/2017 09:00,Approx. w-center algo1,,32.10376365,MATCH,35.21000505,MATCH,703.1159416,MATCH
95,1c:b9:c4:16:f1:5c,Ariel_University,52,-75,32.10380445,35.21000654,704.1006958,03/12/2017 09:07,Approx. w-center algo1,,32.10380445,MATCH,35.21000654,MATCH,704.1006958,MATCH
96,e4:95:6e:40:87:1a,OOP_course,1,-12,32.1038101,35.21000654,704.2450229,03/12/2017 09:01,Approx. w-center algo1,,32.1038101,MATCH,35.21000654,MATCH,704.2450229,MATCH
97,1c:b9:c4:12:af:7c,Ariel_University,40,-72,32.1038101,35.21000654,704.2450229,03/12/2017 09:03,Approx. w-center algo1,,32.1038101,MATCH,35.21000654,MATCH,704.2450229,MATCH
98,1c:b9:c4:15:ec:3c,Ariel_University,36,-77,32.103838,35.21002217,704.4103268,03/12/2017 09:03,Approx. w-center algo1,,32.103838,MATCH,35.21002217,MATCH,704.4103268,MATCH
99,1c:b9:c4:96:ed:37, ,44,-77,32.10384104,35.21003936,704.4103268,03/12/2017 09:02,Approx. w-center algo1,,32.10384104,MATCH,35.21003936,MATCH,704.4103268,MATCH
100,1c:b9:c4:95:ec:37, ,36,-78,32.1038518,35.21005058,704.7471856,03/12/2017 09:08,Approx. w-center algo1,,32.1038518,MATCH,35.21005058,MATCH,704.7471856,MATCH
101,1c:b9:c4:95:1c:b7, ,36,-90,32.10385601,35.21005263,704.8276915,03/12/2017 09:02,Approx. w-center algo1,,32.10385601,MATCH,35.21005263,MATCH,704.8276915,MATCH
102,1c:b9:c4:94:2b:87, ,44,-88,32.10392739,35.21006092,704.8397895,03/12/2017 09:03,Approx. w-center algo1,,32.10392739,MATCH,35.21006092,MATCH,704.8397895,MATCH
103,1c:b9:c4:96:ed:47, ,36,-91,32.10393489,35.21007474,704.9567757,03/12/2017 09:03,Approx. w-center algo1,,32.10393489,MATCH,35.21007474,MATCH,704.9567757,MATCH
104,1c:b9:c4:95:ed:b7, ,48,-92,32.10400481,35.21009591,705.8336905,03/12/2017 09:03,Approx. w-center algo1,,32.10400481,MATCH,35.21009591,MATCH,705.8336905,MATCH
105,1c:b9:c4:16:e5:a8,Ariel_University,6,-81,32.10401436,35.21009737,707.2504239,03/12/2017 09:03,Approx. w-center algo1,,32.10401436,MATCH,35.21009737,MATCH,707.2504239,MATCH
106,1c:b9:c4:96:f1:57, ,52,-82,32.10406321,35.21009737,707.5519127,03/12/2017 09:03,Approx. w-center algo1,,32.10406321,MATCH,35.21009737,MATCH,707.5519127,MATCH
107,1c:b9:c4:14:2b:8c,Ariel_University,44,-82,32.10406321,35.21010139,707.6527665,03/12/2017 09:03,Approx. w-center algo1,,32.10406321,MATCH,35.21010139,MATCH,707.6527665,MATCH
108,1c:b9:c4:96:ee:97, ,36,-85,32.10410349,35.21011302,707.8280473,03/12/2017 09:04,Approx. w-center algo1,,32.10410349,MATCH,35.21011302,MATCH,707.8280473,MATCH
109,1c:b9:c4:14:2c:3c,Ariel_University,52,-67,32.10412094,35.21015409,707.8478869,03/12/2017 09:09,Approx. w-center algo1,,32.10412094,MATCH,35.21015409,MATCH,707.8478869,MATCH
110,1c:b9:c4:96:11:a7, ,44,-87,32.10412387,35.21017235,707.9141706,03/12/2017 09:04,Approx. w-center algo1,,32.10412387,MATCH,35.21017235,MATCH,707.9141706,MATCH
111,02:21:5c:af:69:82,DIRECT-IRDESKTOP-ETE41T5msTU,36,-90,32.10419361,35.21017541,707.9593217,03/12/2017 09:04,Approx. w-center algo1,,32.10419361,MATCH,35.21017541,MATCH,707.9593217,MATCH
112,1c:b9:c4:94:2c:37, ,52,-85,32.10419836,35.21020742,708.1143382,03/12/2017 09:04,Approx. w-center algo1,,32.10419836,MATCH,35.21020742,MATCH,708.1143382,MATCH
113,1c:b9:c4:14:2c:38,Ariel_University,6,-76,32.10422292,35.21020742,708.273839,03/12/2017 09:04,Approx. w-center algo1,,32.10422292,MATCH,35.21020742,MATCH,708.273839,MATCH
114,00:18:25:12:72:f0,Coolnet-Hotspot,7,-92,32.10423611,35.21020742,710.1110186,03/12/2017 09:04,Approx. w-center algo1,,32.10423611,MATCH,35.21020742,MATCH,710.1110186,MATCH
115,1c:b9:c4:96:f4:77, ,36,-81,32.10424217,35.21020742,710.4194107,03/12/2017 09:07,Approx. w-center algo1,,32.10424217,MATCH,35.21020742,MATCH,710.4194107,MATCH
116,1c:b9:c4:15:fd:4c,Ariel_University,36,-83,32.10440239,35.21024297,710.4194107,03/12/2017 09:05,Approx. w-center algo1,,32.10440239,MATCH,35.21024297,MATCH,710.4194107,MATCH
117,1c:b9:c4:15:ed:3c,Ariel_University,36,-91,32.10443396,35.21025489,710.4770499,03/12/2017 09:05,Approx. w-center algo1,,32.10443396,MATCH,35.21025489,MATCH,710.4770499,MATCH
118,1c:b9:c4:95:fd:47, ,36,-88,32.10452103,35.21028362,710.5814622,03/12/2017 09:05,Approx. w-center algo1,,32.10452103,MATCH,35.21028362,MATCH,710.5814622,MATCH
119,1c:b9:c4:15:ed:38,Ariel_University,6,-87,32.10457393,35.21028362,710.6278805,03/12/2017 09:06,Approx. w-center algo1,,32.10457393,MATCH,35.21028362,MATCH,710.6278805,MATCH
120,3c:52:82:ef:a4:8b,DIRECT-8A-HP DeskJet 3630 series,6,-82,32.10458831,35.21030941,710.6710794,03/12/2017 09:06,Approx. w-center algo1,,32.10458831,MATCH,35.21030941,MATCH,710.6710794,MATCH
121,00:27:22:f3:bb:2b, ,6,-87,32.10464283,35.21036013,710.7485234,03/12/2017 09:06,Approx. w-center algo1,,32.10464283,MATCH,35.21036013,MATCH,710.7485234,MATCH
122,24:79:2a:2b:07:bc,Ariel_University,36,-85,32.10465317,35.21036963,710.7830608,03/12/2017 09:06,Approx. w-center algo1,,32.10465317,MATCH,35.21036963,MATCH,710.7830608,MATCH
123,60:e3:27:7b:e0:98,HelpDesk,4,-83,32.10466627,35.21038663,710.7830608,03/12/2017 09:06,Approx. w-center algo1,,32.10466627,MATCH,35.21038663,MATCH,710.7830608,MATCH
124,24:79:2a:ab:bd:87, ,44,-84,32.10466627,35.2103962,710.7830608,03/12/2017 09:06,Approx. w-center algo1,,32.10466627,MATCH,35.2103962,MATCH,710.7830608,MATCH
125,24:79:2a:2c:5c:1c,Ariel_University,36,-84,32.10466627,35.21056695,710.7830608,03/12/2017 09:06,Approx. w-center algo1,,32.10466627,MATCH,35.21056695,MATCH,710.7830608,MATCH
126,24:79:2a:ab:07:b7, ,36,-87,32.10466627,35.21058834,710.8162815,03/12/2017 09:06,Approx. w-center algo1,,32.10466627,MATCH,35.21058834,MATCH,710.8162815,MATCH
127,24:79:2a:2b:bd:8c,Ariel_University,44,-83,32.10473751,35.21078094,710.8779586,03/12/2017 09:06,Approx. w-center algo1,,32.10473751,MATCH,35.21078094,MATCH,710.8779586,MATCH
128,1c:b9:c4:96:1d:77, ,44,-90,32.1047433,35.21079152,710.9061261,03/12/2017 09:06,Approx. w-center algo1,,32.1047433,MATCH,35.21079152,MATCH,710.9061261,MATCH
129,1c:b9:c4:96:e5:a7, ,36,-90,32.10475343,35.21080784,710.9061261,03/12/2017 09:06,Approx. w-center algo1,,32.10475343,MATCH,35.21080784,MATCH,710.9061261,MATCH
130,24:79:2a:ac:5c:17, ,36,-85,32.10475928,35.21083207,710.9347989,03/12/2017 09:06,Approx. w-center algo1,,32.10475928,MATCH,35.21083207,MATCH,710.9347989,MATCH
131,1c:b9:c4:16:28:ec,Ariel_University,36,-84,32.10475993,35.21091349,711.0424025,03/12/2017 09:06,Approx. w-center algo1,,32.10475993,MATCH,35.21091349,MATCH,711.0424025,MATCH
132,1c:b9:c4:96:28:e7, ,36,-85,32.10476714,35.21092024,711.0424025,03/12/2017 09:06,Approx. w-center algo1,,32.10476714,MATCH,35.21092024,MATCH,711.0424025,MATCH
133,1c:b9:c4:15:1c:bc,Ariel_University,36,-84,32.10476714,35.21092789,711.0753764,03/12/2017 09:06,Approx. w-center algo1,,32.10476714,MATCH,35.21092789,MATCH,711.0753764,MATCH
134,8c:0c:90:2e:e8:18,Ariel_University,6,-90,32.10479078,35.21104487,711.1571521,03/12/2017 09:06,Approx. w-center algo1,,32.10479078,MATCH,35.21104487,MATCH,711.1571521,MATCH
135,1c:b9:c4:95:3a:37, ,44,-80,32.10481492,35.21104923,711.8977403,03/12/2017 09:08,Approx. w-center algo1,,32.10481492,MATCH,35.21104923,MATCH,711.8977403,MATCH
136,1c:b9:c4:95:1e:67, ,36,-83,32.10483179,35.21121279,711.9071836,03/12/2017 09:08,Approx. w-center algo1,,32.10483179,MATCH,35.21121279,MATCH,711.9071836,MATCH
137,1c:b9:c4:15:1e:6c,Ariel_University,36,-83,32.10484982,35.21138319,711.9289257,03/12/2017 09:08,Approx. w-center algo1,,32.10484982,MATCH,35.21138319,MATCH,711.9289257,MATCH
138,1c:b9:c4:15:3d:6c,Ariel_University,44,-84,32.10485702,35.2114539,712.1937427,03/12/2017 09:09,Approx. w-center algo1,,32.10485702,MATCH,35.2114539,MATCH,712.1937427,MATCH
139,30:e1:71:0f:a2:49,DIRECT-47-HP DeskJet 3630 series,6,-79,32.10486232,35.2115156,712.1937427,03/12/2017 09:09,Approx. w-center algo1,,32.10486232,MATCH,35.2115156,MATCH,712.1937427,MATCH
140,2a:56:5a:9e:2e:ce,DIRECT-ce-HP M426 LaserJet,6,-77,32.10488369,35.2115156,712.1937427,03/12/2017 09:09,Approx. w-center algo1,,32.10488369,MATCH,35.2115156,MATCH,712.1937427,MATCH
